Date,Name,Year,Letterboxd URI
2020-03-20,Chungking Express,1994,https://boxd.it/1UDa
2020-09-16,Terrorizers,1986,https://boxd.it/2IRG
2020-10-20,Tokyo Story,1953,https://boxd.it/1HuY
2020-10-20,The Man Who Stole the Sun,1979,https://boxd.it/igK
2020-10-20,Revanche,2008,https://boxd.it/1MdS
2020-10-20,The Haunting,1963,https://boxd.it/1T7M
2020-10-20,Kwaidan,1964,https://boxd.it/1kbY
2020-10-20,Tokyo Fist,1995,https://boxd.it/Z2m
2020-10-20,The Housemaid,1960,https://boxd.it/WJs
2020-10-20,California Split,1974,https://boxd.it/1hRs
2020-10-20,Winter Sleep,2014,https://boxd.it/7Ua0
2020-10-20,Battles Without Honor and Humanity,1973,https://boxd.it/1e0q
2020-10-20,Viy,1967,https://boxd.it/nd2
2020-11-19,Once Upon a Time in China,1991,https://boxd.it/1VOy
2020-11-29,Black Jack,1979,https://boxd.it/2hTU
2020-12-05,The Handmaiden,2016,https://boxd.it/948A
2021-03-26,Throne of Blood,1957,https://boxd.it/251w
2021-03-26,The Night Comes for Us,2018,https://boxd.it/g2lc
2021-03-26,Secret Sunshine,2007,https://boxd.it/27CY
2021-03-26,Fallen Angels,1995,https://boxd.it/1UkW
2021-03-26,Anatomy of a Murder,1959,https://boxd.it/2baa
2021-03-26,Victoria,2015,https://boxd.it/amSe
2021-03-28,Shoplifters,2018,https://boxd.it/ifY6
2021-03-28,Landscape in the Mist,1988,https://boxd.it/JRy
2021-03-28,BUãƒ»SU,1987,https://boxd.it/68Ea
2021-03-30,Leviathan,2014,https://boxd.it/7Ub8
2021-03-30,Poetry,2010,https://boxd.it/JAs
2021-03-31,Collective,2019,https://boxd.it/mRVi
2021-03-31,Driveways,2019,https://boxd.it/kRBy
2021-03-31,First Cow,2019,https://boxd.it/krga
2021-03-31,A Bittersweet Life,2005,https://boxd.it/1U4Y
2021-04-01,Love and Monsters,2020,https://boxd.it/lJ6E
2021-04-03,Boy & the World,2013,https://boxd.it/6CM4
2021-04-16,Only Yesterday,1991,https://boxd.it/1MR4
2021-04-16,The Return,2003,https://boxd.it/1UpM
2021-04-16,Police Story,1985,https://boxd.it/1Zhe
2021-04-16,Shiva Baby,2020,https://boxd.it/oIv0
2021-04-18,Flowers of Shanghai,1998,https://boxd.it/Omq
2021-04-19,Dirty Ho,1979,https://boxd.it/uSm
2021-04-19,The One-Armed Swordsman,1967,https://boxd.it/uSQ
2021-04-25,The Spine of Night,2021,https://boxd.it/tVjm
2021-05-01,Limbo,2020,https://boxd.it/khaw
2021-05-02,The Third Man,1949,https://boxd.it/294E
2021-05-02,The Bad Sleep Well,1960,https://boxd.it/1iLA
2021-05-14,Beasts Clawing at Straws,2020,https://boxd.it/kZ9i
2021-05-14,Asura: The City of Madness,2016,https://boxd.it/enJU
2021-05-15,Destruction Babies,2016,https://boxd.it/dj8e
2021-05-15,Fireworks,1997,https://boxd.it/22mQ
2021-05-16,The Kirishima Thing,2012,https://boxd.it/5nry
2021-06-12,Top Secret!,1984,https://boxd.it/1ZSE
2021-06-12,North by Northwest,1959,https://boxd.it/2aRM
2021-06-12,"Lust, Caution",2007,https://boxd.it/244k
2021-06-14,Munich,2005,https://boxd.it/2a0e
2021-06-21,Luca,2021,https://boxd.it/ipjC
2021-07-05,Branded to Kill,1967,https://boxd.it/1HSQ
2021-07-05,Tokyo Drifter,1966,https://boxd.it/OTY
2021-07-05,Glasses,2007,https://boxd.it/1vnw
2021-07-05,A Man Vanishes,1967,https://boxd.it/322S
2021-07-05,Tampopo,1985,https://boxd.it/1SZe
2021-07-05,Suzaku,1997,https://boxd.it/19yC
